Book Name,Author,Price
Vogue Knitting The Ultimate Knitting Book,Vogue Knitting magazine,2455.0
Dopamine Nation,Anna Lembke,650.0
Blood Sugar,Sascha Rothchild,595.0
Vogue Knitting The Ultimate Knitting Book,Vogue Knitting magazine,2455.0
Dopamine Nation,Anna Lembke,650.0
Blood Sugar,Sascha Rothchild,595.0
Rich Dad Poor dad,Robert T. Kiyosaki,500.0
How to Be an Adult in Relation,David Richo,950.0
Practice Makes Perfect,Sarah Adams,575.0
How to Meet Your Self,Dr. Nicole LePera,1195.0
Once Upon a Broken Heart,Stephanie Garber,495.0
How Hitler Could Have Won Worl,Bevin Alexander,900.0
Outlive,Bill Gifford,1350.0
Playing to Win,A.G. Lafley & Roger L. Martin,1500.0
Grapes of Wrath,John Steinbeck,895.0
What Every Body is Saying,Joe Navarro & Marvin Karlins,995.0
Cairo Eternal,Mai Eldib,5250.0
"Fayoum, History and Guide",R. Neil Hewison,220.0
Foundation’s Edge,Isaac Asimov,450.0
Please Look After Mom,Kyung-Sook Shin,450.0
Art of War,Sun Tzu,450.0
Living with Joy,Sanaya Roman,900.0
If He Had been with me,Laura Nowlin,550.0
99 Beautiful Names of Allah,Shabda Kahn,1000.0
Spiritual Growth,Sanaya Roman,900.0
Opening to Channel,"Sanaya Roman, Duane Packer",900.0
"Washes, Prays",Noor Naga,850.0
Functional Anatomy of Yoga,David Keil,1500.0
Shubeik Lubeik,Deena Mohamed,1200.0
Fire & Blood,George R.R. Martin,495.0
The Great Gatsby,F. Scott Fitzgerald,325.0
Bodleian Libraries: A Reader’s,N/A,495.0
Ebony Black Artisan Notebook F,N/A,495.0
Mid Blue Artisan Notebook Flam,N/A,495.0
Illuminati Tarot : Keys of Sec,Casey DuHamel,2000.0
Cairo Circles,Doma Mahmoud,895.0
Secrets of Divine Love,A.Helwa,1250.0
"Friends, Lovers, and the Big",Matthew Perry,950.0
The Ballad of Never After,Stephanie Garber,595.0
No Bad Parts,"Richard Schwartz, Ph.D., Alani",1000.0
The Women Who Revolutionized Fashion,Petra Slinkard,2250.0
Secrets of the Millionaire Mind,,450.0
Chainsaw Man 4,Tatsuki Fujimoto,500.0
The Mountain Is You,Brianna Wiest,895.0
Pokemon Adventures 28,Hidenori Kusaka,495.0
The Star Tarot,Cathy Mcclelland,1750.0
Tarot And Astrology,Corrine Kenner,1100.0
Berserk 1,Kentaro Miura,750.0
Show Your Work,Austin Kleon,750.0
Steal Like an Artist,Austin Kleon,750.0
Hotel Magnifique,Emily J. Taylor,550.0
Robinson Crusoe,Daniel Defoe,300.0
Mindfulness Now,Jesse Sands,850.0
Happiness Now,Jesse Sands,395.0
The Art of War,Sun Tzu,400.0
Rumi and the Whirling Dervishe,Shems Friedlander,300.0
The Law of Attraction,Esther and Jerry Hicks,960.0
Wisdom of Hafiz,Daniel Ladinsky and Angi Sulli,1200.0
Michelangelo,Victoria Avery,4750.0
Sorolla,Blanca Pons-Sorolla,2500.0
Michelangelo,William E. Wallace,3000.0
Frida Kahlo,Roxana Velasquez,2750.0
Carolyne Roehm,Carolyne Roehm,3750.0
Adrian,"Leonard Stanley, Robin Adrian",3250.0
Signs,Laura Lynne Jackson,900.0
